,corr ~ 1 ECN,corr ~ > 1 ECN
EMBED,0.494519526,0.404325205
CTF,0.347234234,0.593646389
SVD,0.28622124,0.611078225
